country_id,last_month_data_id,variable,value
40,488,Malone_LSTM_s1,0
40,488,Malone_LSTM_s2,0
40,488,Malone_LSTM_s3,0
40,488,Malone_LSTM_s4,0
40,488,Malone_LSTM_s5,0
40,488,Malone_LSTM_s6,0
40,488,Malone_LSTM_s7,0
41,488,Malone_LSTM_s1,-0.000962441
41,488,Malone_LSTM_s2,-0.005362485
41,488,Malone_LSTM_s3,-0.000678033
41,488,Malone_LSTM_s4,-0.003339943
41,488,Malone_LSTM_s5,-0.003982033
41,488,Malone_LSTM_s6,-0.009808792
41,488,Malone_LSTM_s7,-0.006966619
42,488,Malone_LSTM_s1,0
42,488,Malone_LSTM_s2,0
42,488,Malone_LSTM_s3,0
42,488,Malone_LSTM_s4,0
42,488,Malone_LSTM_s5,0
42,488,Malone_LSTM_s6,0
42,488,Malone_LSTM_s7,0
43,488,Malone_LSTM_s1,-0.007460143
43,488,Malone_LSTM_s2,-0.049863443
43,488,Malone_LSTM_s3,-0.048252575
43,488,Malone_LSTM_s4,-0.021601785
43,488,Malone_LSTM_s5,-0.013567639
43,488,Malone_LSTM_s6,-0.0339593
43,488,Malone_LSTM_s7,0.001231737
47,488,Malone_LSTM_s1,-0.08879748
47,488,Malone_LSTM_s2,-0.11106123
47,488,Malone_LSTM_s3,-0.22553544
47,488,Malone_LSTM_s4,-0.32182708
47,488,Malone_LSTM_s5,-0.37037447
47,488,Malone_LSTM_s6,-0.40047407
47,488,Malone_LSTM_s7,-0.44978598
48,488,Malone_LSTM_s1,0.004771274
48,488,Malone_LSTM_s2,0.004777023
48,488,Malone_LSTM_s3,0.004452761
48,488,Malone_LSTM_s4,0.001389836
48,488,Malone_LSTM_s5,-0.000991208
48,488,Malone_LSTM_s6,-0.000154078
48,488,Malone_LSTM_s7,0.001214602
49,488,Malone_LSTM_s1,0.003707741
49,488,Malone_LSTM_s2,0.012527369
49,488,Malone_LSTM_s3,0.007814501
49,488,Malone_LSTM_s4,-0.00100675
49,488,Malone_LSTM_s5,-0.006679444
49,488,Malone_LSTM_s6,-0.00861858
49,488,Malone_LSTM_s7,0.000912453
50,488,Malone_LSTM_s1,0.01614122
50,488,Malone_LSTM_s2,0.006918018
50,488,Malone_LSTM_s3,-0.002913372
50,488,Malone_LSTM_s4,-0.000733735
50,488,Malone_LSTM_s5,0.001691693
50,488,Malone_LSTM_s6,0.005503274
50,488,Malone_LSTM_s7,-3.38E-05
52,488,Malone_LSTM_s1,0.03299752
52,488,Malone_LSTM_s2,-0.005225293
52,488,Malone_LSTM_s3,0.006045339
52,488,Malone_LSTM_s4,-0.000634375
52,488,Malone_LSTM_s5,0.015282194
52,488,Malone_LSTM_s6,0.053477187
52,488,Malone_LSTM_s7,0.01986977
53,488,Malone_LSTM_s1,-0.02801661
53,488,Malone_LSTM_s2,-0.027282294
53,488,Malone_LSTM_s3,-0.024012238
53,488,Malone_LSTM_s4,0.000204094
53,488,Malone_LSTM_s5,-0.007238389
53,488,Malone_LSTM_s6,-0.028422292
53,488,Malone_LSTM_s7,-0.007939324
54,488,Malone_LSTM_s1,0
54,488,Malone_LSTM_s2,0
54,488,Malone_LSTM_s3,0
54,488,Malone_LSTM_s4,0
54,488,Malone_LSTM_s5,0
54,488,Malone_LSTM_s6,0
54,488,Malone_LSTM_s7,0
55,488,Malone_LSTM_s1,-0.003207207
55,488,Malone_LSTM_s2,-0.009436957
55,488,Malone_LSTM_s3,-0.011379929
55,488,Malone_LSTM_s4,-0.022976544
55,488,Malone_LSTM_s5,-0.012745168
55,488,Malone_LSTM_s6,-0.009104162
55,488,Malone_LSTM_s7,0.005542703
56,488,Malone_LSTM_s1,0.002505713
56,488,Malone_LSTM_s2,0.001240303
56,488,Malone_LSTM_s3,0.006909728
56,488,Malone_LSTM_s4,-0.00336867
56,488,Malone_LSTM_s5,-0.001280447
56,488,Malone_LSTM_s6,-0.002355932
56,488,Malone_LSTM_s7,0.000286851
57,488,Malone_LSTM_s1,0.02929963
57,488,Malone_LSTM_s2,-0.006851798
57,488,Malone_LSTM_s3,0.004953093
57,488,Malone_LSTM_s4,-0.022926502
57,488,Malone_LSTM_s5,0.009816956
57,488,Malone_LSTM_s6,0.028317861
57,488,Malone_LSTM_s7,0.06056138
67,488,Malone_LSTM_s1,0.032957304
67,488,Malone_LSTM_s2,0.03727782
67,488,Malone_LSTM_s3,0.064015314
67,488,Malone_LSTM_s4,0.09067649
67,488,Malone_LSTM_s5,0.082064375
67,488,Malone_LSTM_s6,0.08898662
67,488,Malone_LSTM_s7,0.08528675
69,488,Malone_LSTM_s1,0.070762396
69,488,Malone_LSTM_s2,0.048083022
69,488,Malone_LSTM_s3,0.000519097
69,488,Malone_LSTM_s4,0.05772877
69,488,Malone_LSTM_s5,0.010215275
69,488,Malone_LSTM_s6,0.00082668
69,488,Malone_LSTM_s7,0.035311066
70,488,Malone_LSTM_s1,-0.098259225
70,488,Malone_LSTM_s2,-0.049443565
70,488,Malone_LSTM_s3,-0.06910061
70,488,Malone_LSTM_s4,-0.030253708
70,488,Malone_LSTM_s5,-0.044674482
70,488,Malone_LSTM_s6,0.036601547
70,488,Malone_LSTM_s7,0.06464675
73,488,Malone_LSTM_s1,0.009969797
73,488,Malone_LSTM_s2,0.005121276
73,488,Malone_LSTM_s3,-0.003138781
73,488,Malone_LSTM_s4,-0.007207198
73,488,Malone_LSTM_s5,-0.018157685
73,488,Malone_LSTM_s6,-0.019683108
73,488,Malone_LSTM_s7,-0.008880485
74,488,Malone_LSTM_s1,0.004841233
74,488,Malone_LSTM_s2,0.066485666
74,488,Malone_LSTM_s3,0.14666936
74,488,Malone_LSTM_s4,0.1178807
74,488,Malone_LSTM_s5,0.11864503
74,488,Malone_LSTM_s6,0.028563887
74,488,Malone_LSTM_s7,0.063359566
76,488,Malone_LSTM_s1,0
76,488,Malone_LSTM_s2,0
76,488,Malone_LSTM_s3,0
76,488,Malone_LSTM_s4,0
76,488,Malone_LSTM_s5,0
76,488,Malone_LSTM_s6,0
76,488,Malone_LSTM_s7,0
78,488,Malone_LSTM_s1,0.061163552
78,488,Malone_LSTM_s2,0.11754218
78,488,Malone_LSTM_s3,0.14010143
78,488,Malone_LSTM_s4,0.10795119
78,488,Malone_LSTM_s5,0.30153328
78,488,Malone_LSTM_s6,0.17795609
78,488,Malone_LSTM_s7,0.2362136
79,488,Malone_LSTM_s1,0.026218079
79,488,Malone_LSTM_s2,0.022530055
79,488,Malone_LSTM_s3,0.024785684
79,488,Malone_LSTM_s4,0.043583505
79,488,Malone_LSTM_s5,0.06599104
79,488,Malone_LSTM_s6,0.104207814
79,488,Malone_LSTM_s7,0.120223865
80,488,Malone_LSTM_s1,0
80,488,Malone_LSTM_s2,0
80,488,Malone_LSTM_s3,0
80,488,Malone_LSTM_s4,0
80,488,Malone_LSTM_s5,0
80,488,Malone_LSTM_s6,0
80,488,Malone_LSTM_s7,0
81,488,Malone_LSTM_s1,0
81,488,Malone_LSTM_s2,0
81,488,Malone_LSTM_s3,0
81,488,Malone_LSTM_s4,0
81,488,Malone_LSTM_s5,0
81,488,Malone_LSTM_s6,0
81,488,Malone_LSTM_s7,0
120,488,Malone_LSTM_s1,-0.044315293
120,488,Malone_LSTM_s2,-0.023878127
120,488,Malone_LSTM_s3,-0.022973545
120,488,Malone_LSTM_s4,0.010658458
120,488,Malone_LSTM_s5,0.001498049
120,488,Malone_LSTM_s6,0.022704538
120,488,Malone_LSTM_s7,0.00161317
154,488,Malone_LSTM_s1,0
154,488,Malone_LSTM_s2,0
154,488,Malone_LSTM_s3,0
154,488,Malone_LSTM_s4,0
154,488,Malone_LSTM_s5,0
154,488,Malone_LSTM_s6,0
154,488,Malone_LSTM_s7,0
155,488,Malone_LSTM_s1,0.019986825
155,488,Malone_LSTM_s2,-0.004066441
155,488,Malone_LSTM_s3,-0.006075955
155,488,Malone_LSTM_s4,-0.027147233
155,488,Malone_LSTM_s5,-0.026154656
155,488,Malone_LSTM_s6,0.009204008
155,488,Malone_LSTM_s7,0.021728974
156,488,Malone_LSTM_s1,0.010630519
156,488,Malone_LSTM_s2,0.11202805
156,488,Malone_LSTM_s3,0.13389015
156,488,Malone_LSTM_s4,0.13094665
156,488,Malone_LSTM_s5,0.1448155
156,488,Malone_LSTM_s6,0.17945716
156,488,Malone_LSTM_s7,0.20028365
157,488,Malone_LSTM_s1,0
157,488,Malone_LSTM_s2,0
157,488,Malone_LSTM_s3,0
157,488,Malone_LSTM_s4,0
157,488,Malone_LSTM_s5,0
157,488,Malone_LSTM_s6,0
157,488,Malone_LSTM_s7,0
158,488,Malone_LSTM_s1,0
158,488,Malone_LSTM_s2,0
158,488,Malone_LSTM_s3,0
158,488,Malone_LSTM_s4,0
158,488,Malone_LSTM_s5,0
158,488,Malone_LSTM_s6,0
158,488,Malone_LSTM_s7,0
159,488,Malone_LSTM_s1,-0.000616743
159,488,Malone_LSTM_s2,-1.26E-05
159,488,Malone_LSTM_s3,-0.000958824
159,488,Malone_LSTM_s4,-0.000654785
159,488,Malone_LSTM_s5,-0.001702106
159,488,Malone_LSTM_s6,0.002035771
159,488,Malone_LSTM_s7,0.003532902
160,488,Malone_LSTM_s1,0.009680715
160,488,Malone_LSTM_s2,0.017156025
160,488,Malone_LSTM_s3,0.016426679
160,488,Malone_LSTM_s4,0.024811441
160,488,Malone_LSTM_s5,0.024052989
160,488,Malone_LSTM_s6,0.018895987
160,488,Malone_LSTM_s7,0.017321844
161,488,Malone_LSTM_s1,0
161,488,Malone_LSTM_s2,0
161,488,Malone_LSTM_s3,0
161,488,Malone_LSTM_s4,0
161,488,Malone_LSTM_s5,0
161,488,Malone_LSTM_s6,0
161,488,Malone_LSTM_s7,0
162,488,Malone_LSTM_s1,-0.038086727
162,488,Malone_LSTM_s2,-0.04722655
162,488,Malone_LSTM_s3,-0.09773408
162,488,Malone_LSTM_s4,-0.118954
162,488,Malone_LSTM_s5,-0.13788605
162,488,Malone_LSTM_s6,-0.18065716
162,488,Malone_LSTM_s7,-0.2324633
163,488,Malone_LSTM_s1,6.57E-06
163,488,Malone_LSTM_s2,1.49E-05
163,488,Malone_LSTM_s3,1.27E-05
163,488,Malone_LSTM_s4,1.24E-05
163,488,Malone_LSTM_s5,1.75E-05
163,488,Malone_LSTM_s6,1.04E-05
163,488,Malone_LSTM_s7,6.42E-06
164,488,Malone_LSTM_s1,0
164,488,Malone_LSTM_s2,0
164,488,Malone_LSTM_s3,0
164,488,Malone_LSTM_s4,0
164,488,Malone_LSTM_s5,0
164,488,Malone_LSTM_s6,0
164,488,Malone_LSTM_s7,0
165,488,Malone_LSTM_s1,0.017731013
165,488,Malone_LSTM_s2,0.046759486
165,488,Malone_LSTM_s3,0.009772558
165,488,Malone_LSTM_s4,0.023612453
165,488,Malone_LSTM_s5,0.001385959
165,488,Malone_LSTM_s6,-0.023213826
165,488,Malone_LSTM_s7,-0.016043462
166,488,Malone_LSTM_s1,-0.02231206
166,488,Malone_LSTM_s2,-0.04268182
166,488,Malone_LSTM_s3,-0.020091582
166,488,Malone_LSTM_s4,-0.038448986
166,488,Malone_LSTM_s5,-0.027726442
166,488,Malone_LSTM_s6,-0.038550768
166,488,Malone_LSTM_s7,-0.01879135
167,488,Malone_LSTM_s1,0.006317009
167,488,Malone_LSTM_s2,0.012029927
167,488,Malone_LSTM_s3,0.023781482
167,488,Malone_LSTM_s4,-0.000891034
167,488,Malone_LSTM_s5,-0.013000025
167,488,Malone_LSTM_s6,0.009698629
167,488,Malone_LSTM_s7,0.03789155
169,488,Malone_LSTM_s1,0
169,488,Malone_LSTM_s2,0
169,488,Malone_LSTM_s3,0
169,488,Malone_LSTM_s4,0
169,488,Malone_LSTM_s5,0
169,488,Malone_LSTM_s6,0
169,488,Malone_LSTM_s7,0
170,488,Malone_LSTM_s1,0.001988987
170,488,Malone_LSTM_s2,0.001575187
170,488,Malone_LSTM_s3,0.003926125
170,488,Malone_LSTM_s4,-0.002189621
170,488,Malone_LSTM_s5,0.000986947
170,488,Malone_LSTM_s6,-0.002503421
170,488,Malone_LSTM_s7,0.002031217
172,488,Malone_LSTM_s1,0
172,488,Malone_LSTM_s2,0
172,488,Malone_LSTM_s3,0
172,488,Malone_LSTM_s4,0
172,488,Malone_LSTM_s5,0
172,488,Malone_LSTM_s6,0
172,488,Malone_LSTM_s7,0
173,488,Malone_LSTM_s1,0
173,488,Malone_LSTM_s2,0
173,488,Malone_LSTM_s3,0
173,488,Malone_LSTM_s4,0
173,488,Malone_LSTM_s5,0
173,488,Malone_LSTM_s6,0
173,488,Malone_LSTM_s7,0
174,488,Malone_LSTM_s1,0
174,488,Malone_LSTM_s2,0
174,488,Malone_LSTM_s3,0
174,488,Malone_LSTM_s4,0
174,488,Malone_LSTM_s5,0
174,488,Malone_LSTM_s6,0
174,488,Malone_LSTM_s7,0
213,488,Malone_LSTM_s1,0.057935163
213,488,Malone_LSTM_s2,0.0864681
213,488,Malone_LSTM_s3,0.08936657
213,488,Malone_LSTM_s4,0.07762304
213,488,Malone_LSTM_s5,0.14832035
213,488,Malone_LSTM_s6,0.15612367
213,488,Malone_LSTM_s7,0.15618144
214,488,Malone_LSTM_s1,-0.013437211
214,488,Malone_LSTM_s2,-0.03184127
214,488,Malone_LSTM_s3,0.008207556
214,488,Malone_LSTM_s4,-0.030150298
214,488,Malone_LSTM_s5,-0.11740549
214,488,Malone_LSTM_s6,-0.10791945
214,488,Malone_LSTM_s7,-0.14699331
222,488,Malone_LSTM_s1,0.000189644
222,488,Malone_LSTM_s2,0.001189744
222,488,Malone_LSTM_s3,-0.006369166
222,488,Malone_LSTM_s4,-0.002287199
222,488,Malone_LSTM_s5,0.009872147
222,488,Malone_LSTM_s6,0.00814634
222,488,Malone_LSTM_s7,0.006360783
235,488,Malone_LSTM_s1,-0.037049253
235,488,Malone_LSTM_s2,-0.02522349
235,488,Malone_LSTM_s3,-0.04014133
235,488,Malone_LSTM_s4,-0.0667977
235,488,Malone_LSTM_s5,-0.043845043
235,488,Malone_LSTM_s6,-0.08733356
235,488,Malone_LSTM_s7,-0.08909377
237,488,Malone_LSTM_s1,-0.12525938
237,488,Malone_LSTM_s2,-0.013858847
237,488,Malone_LSTM_s3,0.082808554
237,488,Malone_LSTM_s4,0.21767984
237,488,Malone_LSTM_s5,0.20553552
237,488,Malone_LSTM_s6,0.31138057
237,488,Malone_LSTM_s7,0.36813214
242,488,Malone_LSTM_s1,0
242,488,Malone_LSTM_s2,0
242,488,Malone_LSTM_s3,0
242,488,Malone_LSTM_s4,0
242,488,Malone_LSTM_s5,0
242,488,Malone_LSTM_s6,0
242,488,Malone_LSTM_s7,0
243,488,Malone_LSTM_s1,-0.00116143
243,488,Malone_LSTM_s2,-0.001533675
243,488,Malone_LSTM_s3,-0.00201741
243,488,Malone_LSTM_s4,-0.002170911
243,488,Malone_LSTM_s5,-0.001635762
243,488,Malone_LSTM_s6,-0.003513341
243,488,Malone_LSTM_s7,-0.001919128
244,488,Malone_LSTM_s1,0.014668697
244,488,Malone_LSTM_s2,0.014391567
244,488,Malone_LSTM_s3,0.004962741
244,488,Malone_LSTM_s4,0.000864535
244,488,Malone_LSTM_s5,0.000450114
244,488,Malone_LSTM_s6,-0.002644126
244,488,Malone_LSTM_s7,-0.002439619
245,488,Malone_LSTM_s1,0.087210104
245,488,Malone_LSTM_s2,0.027518421
245,488,Malone_LSTM_s3,0.009959033
245,488,Malone_LSTM_s4,0.05495765
245,488,Malone_LSTM_s5,0.026031625
245,488,Malone_LSTM_s6,0.055024736
245,488,Malone_LSTM_s7,0.015891049
246,488,Malone_LSTM_s1,-0.028660538
246,488,Malone_LSTM_s2,0.053100556
246,488,Malone_LSTM_s3,0.115796454
246,488,Malone_LSTM_s4,0.21584928
246,488,Malone_LSTM_s5,0.25240907
246,488,Malone_LSTM_s6,0.28822652
246,488,Malone_LSTM_s7,0.26308066